,log return
2020-01-03,-0.009769486562407656
2020-01-06,0.007936344574123467
2020-01-07,-0.004713963724348477
2020-01-08,0.015958382385658942
2020-01-09,0.021018041997336125
2020-01-10,0.0022583722018293217
2020-01-13,0.021139363409308345
2020-01-14,-0.01359529317674078
2020-01-15,-0.004294448376323485
2020-01-16,0.012448319331595051
2020-01-17,0.011010248991277376
2020-01-21,-0.006799936863417903
2020-01-22,0.00356296076380419
2020-01-23,0.004804555889813575
2020-01-24,-0.002886292274016528
2020-01-27,-0.029846219699891558
2020-01-28,0.02789654548650524
2020-01-29,0.02071608403129163
2020-01-30,-0.001450033274454104
2020-01-31,-0.04535176283708772
2020-02-03,-0.00274991340877873
2020-02-04,0.03248053896127159
2020-02-05,0.008120798742047223
2020-02-06,0.011629375558532842
2020-02-07,-0.013685890671972052
2020-02-10,0.004738243891485903
2020-02-11,-0.006051549943848092
2020-02-12,0.023470199327639593
2020-02-13,-0.007146493554122774
2020-02-14,0.00024619292340621554
2020-02-18,-0.018480084920296885
2020-02-19,0.01437883150818787
2020-02-20,-0.010312234656649759
2020-02-21,-0.022894837528209432
2020-02-24,-0.04866566775292188
2020-02-25,-0.0344591636689839
2020-02-26,0.015738870716137884
2020-02-27,-0.06760206357608996
2020-02-28,-0.0005851838170593622
2020-03-02,0.08901823698954797
2020-03-03,-0.032274643269354766
2020-03-04,0.045341169978775395
2020-03-05,-0.03297481263675908
2020-03-06,-0.01336921473879308
2020-03-09,-0.08239519415491346
2020-03-10,0.06954595538687748
2020-03-11,-0.03534798028293227
2020-03-12,-0.10397770619555952
2020-03-13,0.11315764525108063
2020-03-16,-0.13770797018770362
2020-03-17,0.04303063727455856
2020-03-18,-0.02478453102060788
2020-03-19,-0.00769131222273905
2020-03-20,-0.06559056753040353
2020-03-23,-0.021472896233997087
2020-03-24,0.09560573313469807
2020-03-25,-0.005523838692443781
2020-03-26,0.05128522657717627
2020-03-27,-0.042283771584188536
2020-03-30,0.028138347728378397
2020-03-31,-0.0020429522313745166
2020-04-01,-0.054052086285893
2020-04-02,0.01654900135592996
2020-04-03,-0.01447563823494697
2020-04-06,0.08364012329327727
2020-04-07,-0.01164964569969541
2020-04-08,0.025272352065182455
2020-04-09,0.007190212770970493
2020-04-13,0.01943735377946773
2020-04-14,0.04926939194132211
2020-04-15,-0.009169233534453848
2020-04-16,0.007914733566609275
2020-04-17,-0.013662064108594224
2020-04-20,-0.020975388198930977
2020-04-21,-0.03139814903596532
2020-04-22,0.028396755582004374
2020-04-23,-0.0038828069893753125
2020-04-24,0.028460315039856906
2020-04-27,0.0007069580166905464
2020-04-28,-0.01634257148924428
2020-04-29,0.03231757018553744
2020-04-30,0.020876688144057916
2020-05-01,-0.016230055851385983
2020-05-04,0.014049692945415061
2020-05-05,0.014897190709012617
2020-05-06,0.010264321861004351
2020-05-07,0.010291667737996548
2020-05-08,0.023522933146016882
2020-05-11,0.015612594967326884
2020-05-12,-0.011493830557403852
2020-05-13,-0.012147791270637127
2020-05-14,0.006124875331922221
2020-05-15,-0.005929725486185714
2020-05-18,0.023287968875701975
2020-05-19,-0.005795176153194918
2020-05-20,0.019261193603284453
2020-05-21,-0.007483072173231264
2020-05-22,0.006417653547454593
2020-05-26,-0.006796629736237568
2020-05-27,0.004347448696250051
2020-05-28,0.00044012487259933075
2020-05-29,-0.0009747165540261728
2020-06-01,0.012222997485804476
2020-06-02,0.0046184061089337616
2020-06-03,0.005490346652938891
2020-06-04,-0.008649377284359277
2020-06-05,0.028082692830437146
2020-06-08,0.005895326067440389
2020-06-09,0.0310895598760766
2020-06-10,0.02540193239718559
2020-06-11,-0.04920097204203381
2020-06-12,0.008596281343369847
2020-06-15,0.012291453260705618
2020-06-16,0.026157360346742126
2020-06-17,-0.001392951340744484
2020-06-18,0.00039822253278170487
2020-06-19,-0.005731086715302357
2020-06-22,0.025827279887637937
2020-06-23,0.02112042923320596
2020-06-24,-0.01780986300876043
2020-06-25,0.013188170947611705
2020-06-26,-0.031207605947263312
2020-06-29,0.022785195443069176
2020-06-30,0.00831277391912498
2020-07-01,-0.0018930173966706636
2020-07-02,0.0
2020-07-06,0.0263986306696785
2020-07-07,-0.0031075711386736515
2020-07-08,0.023022852340726083
2020-07-09,0.004291304347380175
2020-07-10,0.0017475249973433994
2020-07-13,-0.004623761103732434
2020-07-14,0.01641272639184192
2020-07-15,0.006854083897450024
2020-07-16,-0.012381484258177783
2020-07-17,-0.002021972708557541
2020-07-20,0.020854681310795382
2020-07-21,-0.013897901140192624
2020-07-22,0.0028053956624071955
2020-07-23,-0.04658469215224331
2020-07-24,-0.0024805123161176805
2020-07-27,0.023423847985894534
2020-07-28,-0.016564228558166246
2020-07-29,0.01898705083032887
2020-07-30,0.012027735952490225
2020-07-31,0.0995634952756456
2020-08-03,0.024885616789815206
2020-08-04,0.006655633518583145
2020-08-05,0.003618067670580903
2020-08-06,0.034294500889094394
2020-08-07,-0.02299824296027366
2020-08-10,0.01443018268105534
2020-08-11,-0.030191078412114783
2020-08-12,0.03269398500110361
2020-08-13,0.017542924294411857
2020-08-14,-0.0008916597770421225
2020-08-17,-0.00261407809818714
2020-08-18,0.00829810743457443
2020-08-19,0.0012538929865825712
2020-08-20,0.02194705554417724
2020-08-21,0.05024848857799012
2020-08-24,0.01188942274720628
2020-08-25,-0.008237600443473598
2020-08-26,0.013507275773422832
2020-08-27,-0.01202637559493437
2020-08-28,-0.0016211134131145428
2020-08-31,0.033349775592376604
2020-09-01,0.03905969120644018
2020-09-02,-0.020935890161268778
2020-09-03,-0.08344786284136271
2020-09-04,0.000661795355068883
2020-09-08,-0.06966639796421643
2020-09-09,0.039111563895292946
2020-09-10,-0.033190422211932136
2020-09-11,-0.01321583947727045
2020-09-14,0.02955884928767579
2020-09-15,0.001558874913280341
2020-09-16,-0.029957734387051495
2020-09-17,-0.016092536683138998
2020-09-18,-0.03223409570302094
2020-09-21,0.02987499479801387
2020-09-22,0.01559356171019402
2020-09-23,-0.04285118365726573
2020-09-24,0.010216416114873962
2020-09-25,0.036829580213479
2020-09-28,0.0235883873423204
2020-09-29,-0.007596449074837555
2020-09-30,0.014963130355140412
2020-10-01,0.008426759213777774
2020-10-02,-0.0328128493551502
2020-10-05,0.03032650703612412
2020-10-06,-0.029088630733550332
2020-10-07,0.01682494126901464
2020-10-08,-0.0009562453549781865
2020-10-09,0.017246214163659398
2020-10-12,0.061584603695145096
2020-10-13,-0.026885527396517835
2020-10-14,0.0007430234603935865
2020-10-15,-0.003968687172814112
2020-10-16,-0.014099264855054826
2020-10-19,-0.025873943302719613
2020-10-20,0.01310576380834153
2020-10-21,-0.005461278281269683
2020-10-22,-0.009629394184394229
2020-10-23,-0.006153014902941117
2020-10-26,8.703437682186808e-05
2020-10-27,0.013382430756826283
2020-10-28,-0.04741893056051265
2020-10-29,0.0363806363218033
2020-10-30,-0.057648211982371224
2020-11-02,-0.0008274335407142412
2020-11-03,0.015237060432519477
2020-11-04,0.04002492698466064
2020-11-05,0.0348782138244145
2020-11-06,-0.0011368351509724848
2020-11-09,-0.02016996886860383
2020-11-10,-0.003013375191529809
2020-11-11,0.02990120347711137
2020-11-12,-0.0023461339290168724
2020-11-13,0.0004193540376208771
2020-11-16,0.008682576883151914
2020-11-17,-0.007593065533726948
2020-11-18,-0.01145656287522749
2020-11-19,0.005154603558968448
2020-11-20,-0.011017832510962191
2020-11-23,-0.03019394636543376
2020-11-24,0.011527535603998846
2020-11-25,0.007439215089471172
2020-11-27,0.004814850632808628
2020-11-30,0.020880129188358434
2020-12-01,0.030361862066353544
2020-12-02,0.002929272659318346
2020-12-03,-0.0011380676848808668
2020-12-04,-0.005628594569071487
2020-12-07,0.012195491473181648
2020-12-08,0.005077924027163809
2020-12-09,-0.021125265011942448
2020-12-10,0.011917512852347208
2020-12-11,-0.006757527584378225
2020-12-14,-0.005159985267969107
2020-12-15,0.04887625275722091
2020-12-16,-0.0005473598102976464
2020-12-17,0.006939168512368987
2020-12-18,-0.015977802241724483
2020-12-21,0.012319042356013386
2020-12-22,0.0280669304192554
2020-12-23,-0.0070003496409070205
2020-12-24,0.007682792594041153
2020-12-28,0.03514101421052316
2020-12-29,-0.013404500247022015
2020-12-30,-0.008563109215257372
2020-12-31,-0.007732574758866504
2021-01-04,-0.025029873234693526
2021-01-05,0.012287986536283893
2021-01-06,-0.034241221089608316
2021-01-07,0.03355419545926513
2021-01-08,0.008594069712840989
2021-01-11,-0.0235233987472641
2021-01-12,-0.001396416076655257
2021-01-13,0.016096431672884968
2021-01-14,-0.015243010571141843
2021-01-15,-0.013825545359315777
2021-01-19,0.00541232554815506
2021-01-20,0.03232797269894095
2021-01-21,0.03600264768194323
2021-01-22,0.01594579611624615
2021-01-25,0.027307320172491507
2021-01-26,0.0016781066730973298
2021-01-27,-0.007713420134043941
2021-01-28,-0.035611972932801
2021-01-29,-0.03813862811593141
2021-02-01,0.016384861058918745
2021-02-02,0.006316883402969611
2021-02-03,-0.0078090259736800635
2021-02-04,0.025431935454914897
2021-02-05,-0.0031028684963591417
2021-02-08,0.0010962162846142255
2021-02-09,-0.006595165260028888
2021-02-10,-0.004569225024854284
2021-02-11,-0.0019219943550089328
2021-02-12,0.00177419952084109
2021-02-16,-0.01623495389423897
2021-02-17,-0.01780146704647063
2021-02-18,-0.008673891360667261
2021-02-19,0.001232315970947371
2021-02-22,-0.03025167046936513
2021-02-23,-0.0011118256850512665
2021-02-24,-0.004060448945501039
2021-02-25,-0.03540188647967645
2021-02-26,0.0022291402363071116
2021-03-01,0.05245150303109838
2021-03-02,-0.021115080045546207
2021-03-03,-0.02476062072119107
2021-03-04,-0.015938051570336027
2021-03-05,0.010681028575184957
2021-03-08,-0.042566776297259544
2021-03-09,0.03984512051985666
2021-03-10,-0.009208871614766674
2021-03-11,0.01636798418586571
2021-03-12,-0.007654620450412083
2021-03-15,0.02416238639929203
2021-03-16,0.012662471240634665
2021-03-17,-0.006471524827479824
2021-03-18,-0.03449316050103452
2021-03-19,-0.00449035306742788
2021-03-22,0.0279416968290194
2021-03-23,-0.006912619406932598
2021-03-24,-0.02019586522544428
2021-03-25,0.004154703807949661
2021-03-26,0.005128246463946113
2021-03-29,0.0014839060223671514
2021-03-30,-0.01235033771899936
2021-03-31,0.0185917622225746
2021-04-01,0.00693442154761416
2021-04-05,0.02330361863758122
2021-04-06,0.0024592906392143826
2021-04-07,0.013301595990194046
2021-04-08,0.01905094885309832
2021-04-09,0.020049599099625802
2021-04-12,-0.013321595414723664
2021-04-13,0.024016034150895725
2021-04-14,-0.018014535333039892
2021-04-15,0.018535220449787004
2021-04-16,-0.0025312181156822962
2021-04-19,0.005055812758587992
2021-04-20,-0.012913349988166723
2021-04-21,0.002925803157967762
2021-04-22,-0.01175433368179205
2021-04-23,0.017877649680375186
2021-04-26,0.0029736306181887225
2021-04-27,-0.002452519022284022
2021-04-28,-0.006045454918607624
2021-04-29,-0.0007485075996409306
2021-04-30,-0.015249146146057005
2021-05-03,0.00818134655552225
2021-05-04,-0.036026373420128016
2021-05-05,0.0019533534479348512
2021-05-06,0.012721451385790237
2021-05-07,0.0053131464207344095
2021-05-10,-0.026143329494891617
2021-05-11,-0.007437987198694309
2021-05-12,-0.025254629500642306
2021-05-13,0.017761029069533894
2021-05-14,0.01965051788050815
2021-05-17,-0.009301846838185645
2021-05-18,-0.011309204739001629
2021-05-19,-0.0012824832597583223
2021-05-20,0.020794447364528373
2021-05-21,-0.014877294408208957
2021-05-24,0.013226364096843574
2021-05-25,-0.0015747087006700066
2021-05-26,-0.0003942037662529353
2021-05-27,-0.01245409078119156
2021-05-28,-0.0053623099369124036
2021-06-01,-0.002651795231802473
2021-06-02,0.006256544422829795
2021-06-03,-0.012228677709071671
2021-06-04,0.018843501558933797
2021-06-07,7.939230880445626e-05
2021-06-08,0.006649824967514777
2021-06-09,0.003072475425454549
2021-06-10,-0.00805558530356899
2021-06-11,0.009784553291756874
2021-06-14,0.02428074749956609
2021-06-15,-0.006458420551010524
2021-06-16,0.0039261947498609165
2021-06-17,0.012521889669990863
2021-06-18,-0.01014282062147724
2021-06-21,0.014005325357566996
2021-06-22,0.012618505130877445
2021-06-23,-0.002091843109809438
2021-06-24,-0.002171438721099662
2021-06-25,-0.0022514266816987634
2021-06-28,0.012467752251757388
2021-06-29,0.011434935959871818
2021-06-30,0.004610466799472741
2021-07-01,0.002260852132441629
2021-07-02,0.019406899086428592
2021-07-06,0.014611382872662565
2021-07-07,0.017795769064248578
2021-07-08,-0.00924225359849713
2021-07-09,0.012970517750475185
2021-07-12,-0.004212500723401813
2021-07-13,0.007858128903035912
2021-07-14,0.023814845633561513
2021-07-15,-0.004502399758124145
2021-07-16,-0.014175869403403934
2021-07-19,-0.027283287541649243
2021-07-20,0.025642756114256534
2021-07-21,-0.005145247159510651
2021-07-22,0.009582350865262464
2021-07-23,0.011917786335941706
2021-07-26,0.002890380691847882
2021-07-27,-0.015012287358392426
2021-07-28,-0.012271192079450127
2021-07-29,0.004542163659660667
2021-07-30,0.0015094455971289191
2021-08-02,-0.0023337604576545296
2021-08-03,0.012564968392190528
2021-08-04,-0.002785823217427384
2021-08-05,0.0007480664429497621
2021-08-06,-0.004778606185327907
2021-08-09,-0.00034189106096423364
2021-08-10,-0.003359974807401098
2021-08-11,0.001784225510714689
2021-08-12,0.0205605761815264
2021-08-13,0.0014094244292423338
2021-08-16,0.013457037370464574
2021-08-17,-0.0061732030256490015
2021-08-18,-0.025831808606643122
2021-08-19,0.002320110921149965
2021-08-20,0.010105677545038253
2021-08-23,0.010204844261776815
2021-08-24,-0.0006011409953746704
2021-08-25,-0.008457089743090913
2021-08-26,-0.005542514012111669
2021-08-27,0.007158947132231208
2021-08-30,0.02996376711865053
2021-08-31,-0.00846051605540317
2021-09-01,0.0044688586016025204
2021-09-02,0.007446933193022491
2021-09-03,0.004221665349458912
2021-09-07,0.015370455247894876
2021-09-08,-0.010135016287062867
2021-09-09,-0.00672718181125344
2021-09-10,-0.03366210277533449
2021-09-13,0.0038859783564202314
2021-09-14,-0.009608113211923277
2021-09-15,0.006124649164383697
2021-09-16,-0.0016116605646076373
2021-09-17,-0.018518062051299234
2021-09-20,-0.021593030663811772
2021-09-21,0.0034222858158999823
2021-09-22,0.01673175044976485
2021-09-23,0.006696597122932114
2021-09-24,0.0006126665729181082
2021-09-27,-0.010605744846730106
2021-09-28,-0.024089424454883025
2021-09-29,0.006462290200624666
2021-09-30,-0.009355451643317586
2021-10-01,0.008094293632076933
2021-10-04,-0.02491329528498248
2021-10-05,0.014059018252096961
2021-10-06,0.00628726596426269
2021-10-07,0.009043557276533895
2021-10-08,-0.0027256769906700206
2021-10-11,-0.0006295789381954804
2021-10-12,-0.009145000139671984
2021-10-13,-0.0042489719067467365
2021-10-14,0.020023680874391468
2021-10-15,0.007484744461832151
2021-10-18,0.011736900322565432
2021-10-19,0.014967466843449713
2021-10-20,0.0033555327258826934
2021-10-21,0.0014730672452936092
2021-10-22,-0.005299226000752364
2021-10-25,-0.0003361318593754404
2021-10-26,0.004564441799258038
2021-10-27,-0.0031529635755497705
2021-10-28,0.024684667722142808
2021-10-29,-0.018322286075649733
2021-11-01,-0.005623285601483967
2021-11-02,0.00709073368278426
2021-11-03,0.009751072650585519
2021-11-04,-0.003504834966115114
2021-11-05,0.0035760260129939253
2021-11-08,-0.00556828131819926
2021-11-09,0.0024563235397408695
2021-11-10,-0.019348916152607094
2021-11-11,-0.00033812819982054605
2021-11-12,0.014235084119277465
2021-11-15,6.65956105622475e-05
2021-11-16,0.006644602669258666
2021-11-17,0.016355443688449014
2021-11-18,0.028136548782789195
2021-11-19,0.016833732436047154
2021-11-22,0.0029229564461950032
2021-11-23,0.0024193761623374386
2021-11-24,0.003278152586855295
2021-11-26,-0.03219098263377999
2021-11-29,0.02163765470775959
2021-11-30,0.031089280082586292
2021-12-01,-0.0032116014749051106
2021-12-02,-0.0061484189052378735
2021-12-03,-0.011794016753714028
2021-12-06,0.02127517220645606
2021-12-07,0.03483230399049069
2021-12-08,0.02252750232483531
2021-12-09,-0.0029744349807928052
2021-12-10,0.027627889603747183
2021-12-13,-0.020890790402293493
2021-12-14,-0.00805536981155466
2021-12-15,0.028110146201077577
2021-12-16,-0.04005543681655397
2021-12-17,-0.00652294872405902
2021-12-20,-0.008155178248569497
2021-12-21,0.018907006336962306
2021-12-22,0.015202778165596863
2021-12-23,0.003636921784458833
2021-12-27,0.022715022719354574
2021-12-28,-0.005784052021529061
2021-12-29,0.0005019987365723092
2021-12-30,-0.0065998490829724645
2021-12-31,-0.0035417607423308788
2022-01-03,0.024696675127002347
2022-01-04,-0.012773039346340402
2022-01-05,-0.026959661988101725
2022-01-06,-0.01683437114408692
2022-01-07,0.000987886499524488
2022-01-10,0.00011593919668391204
2022-01-11,0.016644628938204682
2022-01-12,0.002567072747958967
2022-01-13,-0.019211701686163575
2022-01-14,0.00509780249122838
2022-01-18,-0.019074837215940436
2022-01-19,-0.021248863478767425
2022-01-20,-0.010400905365213074
2022-01-21,-0.012847557281567756
2022-01-24,-0.004875847184093037
2022-01-25,-0.011450168140425826
2022-01-26,-0.0005634001139815215
2022-01-27,-0.002947728227780521
2022-01-28,0.06745089803067163
2022-01-31,0.025790274532115298
2022-02-01,-0.0009730378357036982
2022-02-02,0.0070195197882965
2022-02-03,-0.01686109430061089
2022-02-04,-0.0016810815026194951
2022-02-07,-0.004243213820699225
2022-02-08,0.01829820608630425
2022-02-09,0.008259524910084167
2022-02-10,-0.023881775549165263
2022-02-11,-0.020425631812382376
2022-02-14,0.0014224620760769735
2022-02-15,0.022888257800015445
2022-02-16,-0.0013898904245893524
2022-02-17,-0.021498367375425965
2022-02-18,-0.009400050362641552
2022-02-22,-0.01797266168633877
2022-02-23,-0.02620450052782075
2022-02-24,0.01654242291426711
2022-02-25,0.012882150280127961
2022-02-28,0.0016364132347844811
2022-03-01,-0.01169604642699389
2022-03-02,0.02037926748517954
2022-03-03,-0.001983310439198352
2022-03-04,-0.018579743841589294
2022-03-07,-0.024003244911377845
2022-03-08,-0.011744899476741033
2022-03-09,0.034398799389942454
2022-03-10,-0.027562485582497596
2022-03-11,-0.02419907858851806
2022-03-14,-0.026921353720218092
2022-03-15,0.02924521054326113
2022-03-16,0.028602412094247798
2022-03-17,0.006433338465734924
2022-03-18,0.02070296347299626
2022-03-21,0.00850158962750535
2022-03-22,0.020587289850668676
2022-03-23,0.008200060725414739
2022-03-24,0.022424461367465898
2022-03-25,0.0037271005670523848
2022-03-28,0.005023828135452702
2022-03-29,0.01895382157588384
2022-03-30,-0.006671566519991694
2022-03-31,-0.017935795399949214
2022-04-01,-0.0017195370717832156
2022-04-04,0.023416910765904728
2022-04-05,-0.01912373298747428
2022-04-06,-0.018622965349968105
2022-04-07,0.001802561342633408
2022-04-08,-0.01198059874449894
2022-04-11,-0.025846995744358527
2022-04-12,0.011457543723495884
2022-04-13,0.01621025384679477
2022-04-14,-0.03044673628249105
2022-04-18,-0.001332120944357945
2022-04-19,0.01401659892687079
2022-04-20,-0.0010161549182421184
2022-04-21,-0.004855194700311233
2022-04-22,-0.028215800385295132
2022-04-25,0.006714752912181377
2022-04-26,-0.03804257525105516
2022-04-27,-0.001468115320657323
2022-04-28,0.044165891887497755
2022-04-29,-0.037291622182964015
2022-05-02,0.001964239628210084
2022-05-03,0.009576871951414448
2022-05-04,0.04018988982971477
2022-05-05,-0.057328544200365296
2022-05-06,0.004715863136751413
2022-05-09,-0.03375240659596538
2022-05-10,0.015983393054312813
2022-05-11,-0.053233096507647515
2022-05-12,-0.027262743124663074
2022-05-13,0.03141789475625762
2022-05-16,-0.010729568521572164
2022-05-17,0.02510506201762362
2022-05-18,-0.05807348123069326
2022-05-19,-0.024949985962452226
2022-05-20,0.001745822695530066
2022-05-23,0.03933524296458872
2022-05-24,-0.019403196078601335
2022-05-25,0.0011392314474079708
2022-05-26,0.022934641317216266
2022-05-27,0.0399482267006847
2022-05-31,-0.005360604902877942
2022-06-01,-0.0008736959655644217
2022-06-02,0.01667131356526098
2022-06-03,-0.039318491571774764
2022-06-06,0.005213934713694779
2022-06-07,0.017433243292818958
2022-06-08,-0.005056266416964778
2022-06-09,-0.03661806235152703
2022-06-10,-0.03939468985570572
2022-06-13,-0.03903683646938418
2022-06-14,0.0066505979143849335
2022-06-15,0.019911840641938523
2022-06-16,-0.04045900074418396
2022-06-17,0.011466907186685598
2022-06-21,0.03223580984937926
2022-06-22,-0.0038346358983707873
2022-06-23,0.021344369130325013
2022-06-24,0.024221856318346936
2022-06-27,0.0
2022-06-28,-0.030242644151513717
2022-06-29,0.012939795211171081
2022-06-30,-0.01819240316910297
2022-07-01,0.016035358483328845
2022-07-05,0.018753138646116035
2022-07-06,0.009561600263402508
2022-07-07,0.02371610459964966
2022-07-08,0.004703544227986827
2022-07-11,-0.014867602903382583
2022-07-12,0.006810270405343407
2022-07-13,-0.0025398873574235814
2022-07-14,0.020275665573906296
2022-07-15,0.011385094749398632
2022-07-18,-0.020859364686074633
2022-07-19,0.026371066724661607
2022-07-20,0.013419440010059588
2022-07-21,0.014981413722501818
2022-07-22,-0.008143853535644778
2022-07-25,-0.007425797652345718
2022-07-26,-0.008865544256900922
2022-07-27,0.03366162260744358
2022-07-28,0.0035653003935114226
2022-07-29,0.03226702037650167
2022-08-01,-0.006172448709082232
2022-08-02,-0.00933079948928419
2022-08-03,0.03753454691561022
2022-08-04,-0.001928170455645622
2022-08-05,-0.0013900056088186953
2022-08-08,-0.0029072428773095414
2022-08-09,0.00030324423963469077
2022-08-10,0.025857448571417342
2022-08-11,-0.004441547767756433
2022-08-12,0.02119927171665985
2022-08-15,0.006313577093509794
2022-08-16,-0.0009243857231109206
2022-08-17,0.008746330477365583
2022-08-18,-0.002294395662016476
2022-08-19,-0.015216986095171551
2022-08-22,-0.023298758182703484
2022-08-23,-0.0020308702494665795
2022-08-24,0.0017922674513940206
2022-08-25,0.01481228053761629
2022-08-26,-0.03842824342120784
2022-08-29,-0.013784582390726184
2022-08-30,-0.015423943331564275
2022-08-31,-0.010691700533217757
2022-09-01,0.004695510193411422
2022-09-02,-0.013704377932947764
2022-09-06,-0.008249314256809555
2022-09-07,0.009211329585445755
2022-09-08,-0.009663967076779075
2022-09-09,0.018664309950875674
2022-09-12,0.03778481027594224
2022-09-13,-0.060471681933840914
2022-09-14,0.00951029459625574
2022-09-15,-0.019111495975130198
2022-09-16,-0.011020527550723483
2022-09-19,0.024773392183115524
2022-09-20,0.015544217865977726
2022-09-21,-0.020476088849571677
2022-09-22,-0.006395653104470624
2022-09-23,-0.015239155389772581
2022-09-26,0.0022578342504429912
2022-09-27,0.006544602641562615
2022-09-28,-0.012732344758284714
2022-09-29,-0.050366461906128306
2022-09-30,-0.030499489317723838
2022-10-03,0.03028891850967505
2022-10-04,0.025300392993504735
2022-10-05,0.0020512121349046293
2022-10-06,-0.006647785909168839
2022-10-07,-0.03740970933611073
2022-10-10,0.0023528881541610537
2022-10-11,-0.010308095830298151
2022-10-12,-0.004615418763535714
2022-10-13,0.03306056720880507
2022-10-14,-0.032771289062481904
2022-10-17,0.02870644472369009
2022-10-18,0.009365498384132379
2022-10-19,0.000764934457709833
2022-10-20,-0.003272336989691302
2022-10-21,0.02669924050192412
2022-10-24,0.014694410333023019
2022-10-25,0.019152900658681783
2022-10-26,-0.01982218696158519
2022-10-27,-0.03093930398092327
2022-10-28,0.07283479025992012
2022-10-31,-0.015530338693068673
2022-11-01,-0.017698449400222072
2022-11-02,-0.03801856165992281
2022-11-03,-0.04333040217398805
2022-11-04,-0.0019492014128925277
2022-11-07,0.00389449912692075
2022-11-08,0.0041665384655867775
2022-11-09,-0.03375327798970964
2022-11-10,0.08523645505474534
2022-11-11,0.019085487017167033
2022-11-14,-0.009531014173600366
2022-11-15,0.01179950580699778
2022-11-16,-0.008366026487485717
2022-11-17,0.012888041546767778
2022-11-18,0.003774601314388409
2022-11-21,-0.02191882777090789
2022-11-22,0.01455486936722755
2022-11-23,0.005908769952422484
2022-11-25,-0.019787946799531674
2022-11-28,-0.026615386819809926
2022-11-29,-0.02137508009395568
2022-11-30,0.04745011715306074
2022-12-01,0.0018897388769738243
2022-12-02,-0.0033771030101223437
2022-12-05,-0.008015165193049022
2022-12-06,-0.025697207756391983
2022-12-07,-0.013880870429635912
2022-12-08,0.012059668399501948
2022-12-09,-0.0034407068343540828
2022-12-12,0.016256846498937567
2022-12-13,0.006759747261498831
2022-12-14,-0.01565784454577573
2022-12-15,-0.04798750900102376
2022-12-16,-0.014685939763191236
2022-12-19,-0.016037575202734296
2022-12-20,-0.0005289653808153147
2022-12-21,0.02353047831610785
2022-12-22,-0.02405972364938899
2022-12-23,-0.0028022367350409774
2022-12-27,-0.013975519559807461
2022-12-28,-0.031165796639481557
2022-12-29,0.027930754797797528
2022-12-30,0.002465839182022004
2023-01-03,-0.03812226775987938
2023-01-04,0.010261329492623138
2023-01-05,-0.010661233483766769
2023-01-06,0.036133253939923934
2023-01-09,0.004080848330964765
2023-01-10,0.004446255671615884
2023-01-11,0.020892479907962634
2023-01-12,-0.0005991984316161352
2023-01-13,0.010067969251846866
2023-01-17,0.00871820754320294
2023-01-18,-0.005384388293555811
2023-01-19,0.00044347946794454427
2023-01-20,0.01903844397946316
2023-01-23,0.02322874277204288
2023-01-24,0.010012662973259024
2023-01-25,-0.004711703470460101
2023-01-26,0.014694526658212274
2023-01-27,0.013591650623303003
2023-01-30,-0.020282333066558172
2023-01-31,0.008980368308835153
2023-02-01,0.007869902206606641
2023-02-02,0.036392215960942983
2023-02-03,0.024106865466724418
2023-02-06,-0.018091156305305445
2023-02-07,0.01906182602561545
2023-02-08,-0.017810694992294297
2023-02-09,-0.006935282964724792
2023-02-10,0.002452965198987376
2023-02-13,0.018632397166748804
2023-02-14,-0.0042342041418686254
2023-02-15,0.013807767919566935
2023-02-16,-0.010483985997977611
2023-02-17,-0.0075755845412467425
2023-02-21,-0.027042090506547038
2023-02-22,0.0028918810328788895
2023-02-23,0.00328497617266367
2023-02-24,-0.018169173828662472
2023-02-27,0.008213715594338072
2023-02-28,-0.0034537941353971597
2023-03-01,-0.014348705463061889
2023-03-02,0.004120879032786484
2023-03-03,0.03448847624057728
2023-03-06,0.01836961720741513
2023-03-07,-0.014602552813938753
2023-03-08,0.008342246114640677
2023-03-09,-0.015026799039187622
2023-03-10,-0.013976057431246455
2023-03-13,0.013178758857940025
2023-03-14,0.01399083563296256
2023-03-15,0.0026180482309157258
2023-03-16,0.018521415190452816
2023-03-17,-0.005468732632490654
2023-03-20,0.015364960585499715
2023-03-21,0.011873475310463403
2023-03-22,-0.009145256238902586
2023-03-23,0.006945278090505044
2023-03-24,0.008271273958096391
2023-03-27,-0.01236937130163558
2023-03-28,-0.003988267763659261
2023-03-29,0.019597397939454236
2023-03-30,0.009841543084457052
2023-03-31,0.015522824682153071
2023-04-03,0.007672258006007616
2023-04-04,-0.0032548858167467205
2023-04-05,-0.011354437721530207
2023-04-06,0.005480743320910704
2023-04-10,-0.016101146172340777
2023-04-11,-0.0076203360116784006
2023-04-12,-0.004362691663537469
2023-04-13,0.033534948697263284
2023-04-14,-0.0021159718554201283
2023-04-17,0.00012059933193577828
2023-04-18,0.007476818424000362
2023-04-19,0.0069442259791649245
2023-04-20,-0.0058635639045853845
2023-04-21,-0.009828818495074481
2023-04-24,0.001876553215094114
2023-04-25,-0.009480430848474464
2023-04-26,-6.093001725809226e-05
2023-04-27,0.02799952818764127
2023-04-28,0.007512676511707421
2023-05-01,-0.0005304906176057613
2023-05-02,-0.00621058446564944
2023-05-03,-0.0064881877255195146
2023-05-04,-0.009963289726149212
2023-05-05,0.045859291175036
2023-05-08,-0.00040339052150733954
2023-05-09,-0.010021284769209875
2023-05-10,0.01036691774998332
2023-05-11,0.00109414799721073
2023-05-12,-0.005432360571334884
2023-05-15,-0.0029013138839109917
2023-05-16,0.0
2023-05-17,0.0035965684123051033
2023-05-18,0.01357351001699478
2023-05-19,0.0006283453398565773
2023-05-22,-0.005495800049775814
2023-05-23,-0.015271180776706476
2023-05-24,0.001630717389343587
2023-05-25,0.0066701195051767715
2023-05-26,0.014006132856088418
2023-05-30,0.010603375217842203
2023-05-31,-0.00028217885377629874
2023-06-01,0.015895731000284408
2023-06-02,0.0047637886158310395
2023-06-05,-0.007599786134180162
2023-06-06,-0.00206248175356522
2023-06-07,-0.0077864459044480324
2023-06-08,0.015346681412400504
2023-06-09,0.002157525656249504
2023-06-12,0.015517726243904635
2023-06-13,-0.002615145749255909
2023-06-14,0.003485343428901801
2023-06-15,0.011136397393462744
2023-06-16,-0.005877167231089616
2023-06-20,0.0004866877448831992
2023-06-21,-0.005691581971027668
2023-06-22,0.01639027240173034
2023-06-23,-0.0017127304865614855
2023-06-26,-0.007581682656353466
2023-06-27,0.014946714171706309
2023-06-28,0.006308107892111403
2023-06-29,0.001794775344214988
2023-06-30,0.022839572001644774
2023-07-03,-0.007814991293429614
2023-07-05,-0.00588866724622629
2023-07-06,0.0025056634426495485
2023-07-07,-0.0059088437250689315
2023-07-10,-0.010915242113035656
2023-07-11,-0.0028138333681077656
2023-07-12,0.008945358879601854
2023-07-13,0.004049085636124356
2023-07-14,0.0007870491859052022
2023-07-17,0.01715763578659466
2023-07-18,-0.0013411914700515793
2023-07-19,0.007046967886518392
2023-07-20,-0.010148790538063576
2023-07-21,-0.006180824304959901
2023-07-24,0.004211249578229845
2023-07-25,0.004503459005212391
2023-07-26,0.004534580588997647
2023-07-27,-0.0066027017887689285
2023-07-28,0.013417568594654223
2023-07-31,0.003161044547723932
2023-08-01,-0.004285053035806306
2023-08-02,-0.015611331668090665
2023-08-03,-0.007348469401371401
2023-08-04,-0.049211355338161684
2023-08-07,-0.017404273476258825
2023-08-08,0.005297704159585734
2023-08-09,-0.008994793856365249
2023-08-10,-0.001235262022029647
2023-08-11,0.00033744394617443203
2023-08-14,0.009349456873236342
2023-08-15,-0.0112636690433678
2023-08-16,-0.004971380123984906
2023-08-17,-0.014662253426542057
2023-08-18,0.002812272854329708
2023-08-21,0.007707035348332043
2023-08-22,0.007873751799537915
2023-08-23,0.021711388532880637
2023-08-24,-0.026518986319046613
2023-08-25,0.012563952693518975
2023-08-28,0.008807174523849243
2023-08-29,0.021575814191818164
2023-08-30,0.01899082664551939
2023-08-31,0.001171643982775384
2023-09-01,0.008427819771546248
2023-09-05,0.0012658642741112242
2023-09-06,-0.03644957525331618
2023-09-07,-0.029685639377777587
2023-09-08,0.003485636845588564
2023-09-11,0.006600657216493295
2023-09-12,-0.017207723880619027
2023-09-13,-0.0119257108332153
2023-09-14,0.008744220157492067
2023-09-15,-0.004162552920908599
2023-09-18,0.016771971924134394
2023-09-19,0.006161712611995136
2023-09-20,-0.020194673632662682
2023-09-21,-0.008929331588393544
2023-09-22,0.004932528505530669
2023-09-25,0.007353252788653081
2023-09-26,-0.023676728223487733
2023-09-27,-0.008937296559338923
2023-09-28,0.001524528640919911
2023-09-29,0.003042012134971133
2023-10-02,0.0147263653356822
2023-10-03,-0.007800194384052705
2023-10-04,0.007282034469024761
2023-10-05,0.007172322496671804
2023-10-06,0.014642676091540279
2023-10-09,0.008415684009536361
2023-10-10,-0.0033580047532159514
2023-10-11,0.007873107025747185
2023-10-12,0.005048614085333399
2023-10-13,-0.010346239929528805
2023-10-16,-0.0007272827219990732
2023-10-17,-0.008823415657393793
2023-10-18,-0.007422204719914562
2023-10-19,-0.0021633460763869623
2023-10-20,-0.014813434901447844
2023-10-23,0.000693697734121599
2023-10-24,0.002540161923335504
2023-10-25,-0.013583422415580103
2023-10-26,-0.024913408154249774
2023-10-27,0.007937835931768375
2023-10-30,0.012230252515688586
2023-10-31,0.002814822412028716
2023-11-01,0.018565061215287827
2023-11-02,0.02048211770406725
2023-11-03,-0.0051945376934395895
2023-11-06,0.014499487723549752
2023-11-07,0.014347240123007969
2023-11-08,0.005867657546741014
2023-11-09,-0.002627871835423948
2023-11-10,0.0229545461124615
2023-11-13,-0.00862057962009435
2023-11-14,0.014184589123655968
2023-11-15,0.0030360784860920154
2023-11-16,0.009001747661543479
2023-11-17,-0.00010550693754511513
2023-11-20,0.009235407499710717
2023-11-21,-0.004239683143952575
2023-11-22,0.003508182115962134
2023-11-24,-0.007028796146120588
2023-11-27,-0.0009480934613871109
2023-11-28,0.0032088832240303638
2023-11-29,-0.005424467407946308
2023-11-30,0.0030582338792673964
2023-12-01,0.006768369331947318
2023-12-04,-0.009509662473708968
2023-12-05,0.020844357048957807
2023-12-06,-0.00570320105683713
2023-12-07,0.010088305693537697
2023-12-08,0.007384982504756222
2023-12-11,-0.013011713181838495
2023-12-12,0.007888972234402462
2023-12-13,0.016553714425045208
2023-12-14,0.0007574908752837137
2023-12-15,-0.0027294536337794722
2023-12-18,-0.008539819156729899
2023-12-19,0.005345946768909975
2023-12-20,-0.010771633066893046
2023-12-21,-0.0007704067535030379
2023-12-22,-0.0055628771392838075
2023-12-26,-0.0028449230648524434
2023-12-27,0.0005177666846788285
2023-12-28,0.0022237694950785728
2023-12-29,-0.005438990339605976
2024-01-02,-0.036442588354525914
2024-01-03,-0.007515662965967791
2024-01-04,-0.012781742916715496
2024-01-05,-0.0040208939092527055
2024-01-08,0.023887281752097384
2024-01-09,-0.002265981001372861
2024-01-10,0.005655395428788248
2024-01-11,-0.0032277608910044977
2024-01-12,0.0017766323335096487
2024-01-16,-0.012393553139754087
2024-01-17,-0.00518684488078115
2024-01-18,0.03205120803611449
2024-01-19,0.01541371246877086
2024-01-22,0.012089851551099371
2024-01-23,0.0066314441816181435
2024-01-24,-0.003490229950802178
2024-01-25,-0.0016980341938199147
2024-01-26,-0.009053554197725341
2024-01-29,-0.003592373905251119
2024-01-30,-0.01943341454067927
2024-01-31,-0.019547476991662444
2024-02-01,0.013252520529890592
2024-02-02,-0.005419900507550659
2024-02-05,0.00979852685091729
2024-02-06,0.008594590670686138
2024-02-07,0.0005810602401847648
2024-02-08,-0.005771358353255408
2024-02-09,0.0040855158354821935
2024-02-12,-0.009042550837802504
2024-02-13,-0.01133852450969316
2024-02-14,-0.004821392409103071
2024-02-15,-0.001575986108818747
2024-02-16,-0.00846606344551592
2024-02-20,-0.004122283208810531
2024-02-21,0.004177230404991396
2024-02-22,0.011181173297822321
2024-02-23,-0.01008488946817714
2024-02-26,-0.007478897290924104
2024-02-27,0.008081442772509266
2024-02-28,-0.006647543572624178
2024-02-29,-0.00369991918480079
2024-03-01,-0.006048614347275539
2024-03-04,-0.025708816902432746
2024-03-05,-0.028853334924569308
2024-03-06,-0.0058955333716418125
2024-03-07,-0.0007097871611195967
2024-03-08,0.010184525702361348
2024-03-11,0.011762188896759259
2024-03-12,0.002774917388099482
2024-03-13,-0.012196701487227101
2024-03-14,0.010867979121401507
2024-03-15,-0.0021990937983136713
2024-03-18,0.006352278516315229
2024-03-19,0.013493630317425565
2024-03-20,0.014602214256551817
2024-03-21,-0.041715678013853036
2024-03-22,0.00529614309865073
2024-03-25,-0.008335010147140675
2024-03-26,-0.006695053218013487
2024-03-27,0.020990926132981227
2024-03-28,-0.01061535891291246
2024-04-01,-0.00849179602793668
2024-04-02,-0.00702343120724357
2024-04-03,0.004786063194725126
2024-04-04,-0.004904461361691094
2024-04-05,0.00449175850379507
2024-04-08,-0.006685709069029421
2024-04-09,0.007216412538867072
2024-04-10,-0.011201870919569631
2024-04-11,0.04236071942887824
2024-04-12,0.008589727145461348
2024-04-15,-0.022106067976907832
2024-04-16,-0.019353197567819315
2024-04-17,-0.008180866592537995
2024-04-18,-0.005730605115273025
2024-04-19,-0.012287855352796015
2024-04-22,0.005077944280213801
2024-04-23,0.006371522289764302
2024-04-24,0.012622169202193764
2024-04-25,0.005134108998707086
2024-04-26,-0.003478948069947538
2024-04-29,0.024505427304910923
2024-04-30,-0.018440049475037915
2024-05-01,-0.00606537782987316
2024-05-02,0.021792731380613054
2024-05-03,0.05809555882808964
2024-05-06,-0.009148473488999687
2024-05-07,0.003789918728909885
2024-05-08,0.0018623881425134268
2024-05-09,0.00996451365600707
2024-05-10,-0.006914043415283217
2024-05-13,0.017491466112370933
2024-05-14,0.006154512363412068
2024-05-15,0.012143975765629672
2024-05-16,0.0006321667142052474
2024-05-17,0.0001580805810540699
2024-05-20,0.006143153588128391
2024-05-21,0.006833891013487515
2024-05-22,-0.007567051476732387
2024-05-23,-0.021282856566431516
2024-05-24,0.01645195447931619
2024-05-28,5.2738482152506934e-05
2024-05-29,0.0015778699071719818
2024-05-30,0.005241282087757588
2024-05-31,0.005006067683534732
2024-06-03,0.009216078547136816
2024-06-04,0.001647996604774561
2024-06-05,0.00779049854028045
2024-06-06,-0.007121945571507548
2024-06-07,0.01231599703058489
2024-06-10,-0.01933352900505692
2024-06-11,0.07013144053277892
2024-06-12,0.028177712420023204
2024-06-13,0.005475943250113685
2024-06-14,-0.008201950033699779
2024-06-17,0.019480611782520574
2024-06-18,-0.011045353153185266
2024-06-20,-0.0217475833377525
2024-06-21,-0.010499468927164886
2024-06-24,0.0031278909255934057
2024-06-25,0.004458116292292261
2024-06-26,0.019796072533647822
2024-06-27,0.003978138872938687
2024-06-28,-0.016387877052182125
2024-07-01,0.028689160142552406
2024-07-02,0.016109481334685347
2024-07-03,0.0057943239645273795
2024-07-05,0.021389823747040574
2024-07-08,0.006517665480891578
2024-07-09,0.0037676056220683008
2024-07-10,0.01862905889648545
2024-07-11,-0.023494604732204067
2024-07-12,0.012966410534460718
2024-07-15,0.016604645461826724
2024-07-16,0.001790288653562023
2024-07-17,-0.02562143727793435
2024-07-18,-0.020748622538622436
2024-07-19,0.0005797565740786449
2024-07-22,-0.0015614485658224178
2024-07-23,0.004677255516597774
2024-07-24,-0.029175752613832963
2024-07-25,-0.004816132906842135
2024-07-26,0.0021587301442898927
2024-07-29,0.0012837098608709284
2024-07-30,0.002562838254035177
2024-07-31,0.01487946583196396
2024-08-01,-0.016892656848242902
2024-08-02,0.0068459905844397645
2024-08-05,-0.04936562890192134
2024-08-06,-0.009796124186903758
2024-08-07,0.012420842045709223
2024-08-08,0.016496458422253012
2024-08-09,0.013642437734129192
2024-08-12,0.007104555157224513
2024-08-13,0.017047047586095453
2024-08-14,0.0020315956757248578
2024-08-15,0.013439780084049757
2024-08-16,0.00590114385423132
2024-08-19,-0.0007081442837952332
2024-08-20,0.002740939342302288
2024-08-21,-0.00048565799431217927
2024-08-22,-0.008294122065912686
2024-08-23,0.010235611546731548
2024-08-26,0.0014977689825090108
2024-08-27,0.0037344687251517376
2024-08-28,-0.006776303741742288
2024-08-29,0.01446501037218936
2024-08-30,-0.003443830085628291
2024-09-03,-0.027582195409840964
2024-09-04,-0.008656049477503452
2024-09-05,0.00690389062052107
2024-09-06,-0.007039776842194427
2024-09-09,0.00040753369216270797
2024-09-10,-0.0036279779390033322
2024-09-11,0.011518497367034124
2024-09-12,0.0004938825789835336
2024-09-13,-0.0012127431965711709
2024-09-16,-0.028168310661716094
2024-09-17,0.002170368808943591
2024-09-18,0.017829881347589237
2024-09-19,0.036395171765807234
2024-09-20,-0.002931758725845806
2024-09-23,-0.007610040193684433
2024-09-24,0.003966327300131183
2024-09-25,-0.004407995454974846
2024-09-26,0.0050674781752963055
2024-09-27,0.001185933518603447
2024-09-30,0.022614298451544716
2024-10-01,-0.02957464927194047
2024-10-02,0.002516574093651485
2024-10-03,-0.004906649879491466
2024-10-04,0.004994839389247269
2024-10-07,-0.022788547779381756
2024-10-08,0.01823688239909979
2024-10-09,0.016560362666017462
2024-10-10,-0.002180632877289542
2024-10-11,-0.0065266609233891075
2024-10-14,0.016345613943503746
2024-10-15,0.01096435662917942
2024-10-16,-0.00889129467089114
2024-10-17,0.001595008975763286
2024-10-18,0.012201808470105017
2024-10-21,0.00627814999523567
2024-10-22,-0.002625164359778162
2024-10-23,-0.021860283213003803
2024-10-24,-0.0008236926694633689
2024-10-25,0.003636615706932397
2024-10-28,0.008562606538802668
2024-10-29,0.0011562054870414215
2024-10-30,-0.015395818635662731
2024-10-31,-0.018377393862728672
2024-11-01,-0.0133685091767936
2024-11-04,-0.004045777438102419
2024-11-05,0.006465203950369564
2024-11-06,-0.0032722766657062178
2024-11-07,0.021147130240286076
2024-11-08,-0.0011891066531886673
2024-11-11,-0.012101449498212746
2024-11-12,0.0
2024-11-13,0.00396129963483659
2024-11-14,0.013676494129966283
2024-11-15,-0.014209726692821893
2024-11-18,0.013332994360030487
2024-11-19,0.0011395887601670345
2024-11-20,0.003149100785451033
2024-11-21,-0.0020982982677535743
2024-11-22,0.005890202773736386
2024-11-25,0.012966502824067869
2024-11-26,0.009360397500162553
2024-11-27,-0.0005532298609193555
2024-11-29,0.010163988599147484
2024-12-02,0.009477482219375487
2024-12-03,0.0126909452049901
2024-12-04,0.0014825075801124887
2024-12-05,0.00012346947469884175
2024-12-06,-0.0008231860671517985
2024-12-09,0.01597288843064673
2024-12-10,0.004125196716571002
2024-12-11,-0.005179501014866014
2024-12-12,0.005945998449852517
2024-12-13,0.0006853972735354901
2024-12-16,0.011659484135205381
2024-12-17,0.009672595130981274
2024-12-18,-0.021654506017711135
2024-12-19,0.006990121065482409
2024-12-20,0.018641115109464066
2024-12-23,0.0030602323076659747
2024-12-24,0.011412762294554157
2024-12-26,0.0031706603557269688
2024-12-27,-0.013330656095926891
2024-12-30,-0.013352197899286681
2024-12-31,-0.007082884556027109
2025-01-02,-0.026586223034352634
2025-01-03,-0.0020114679136594873
2025-01-06,0.006716400145041065
2025-01-07,-0.011453050751839318
2025-01-08,0.0020208819451431608
2025-01-10,-0.024399040406297503
2025-01-13,-0.010397980476670161
2025-01-14,-0.004789718295793422
2025-01-15,0.019484888588935434
2025-01-16,-0.04123893423484123
2025-01-17,0.007507065199941147
2025-01-21,-0.032436272934589734
2025-01-22,0.00533073634903999
2025-01-23,-0.0007597667449294769
2025-01-24,-0.003942266133607039
2025-01-27,0.03128554145360407
2025-01-28,0.035892119876211076
2025-01-29,0.004606312931998713
2025-01-30,-0.007422304969999132
2025-01-31,-0.006714713058157286
2025-02-03,-0.03444222807774439
2025-02-04,0.020790258314342846
2025-02-05,-0.0014185589597766808
2025-02-06,0.0032210981269412023
2025-02-07,-0.024260877181833403
2025-02-10,0.0011867542588922832
2025-02-11,0.02159686229322903
2025-02-12,0.01810530840941033
2025-02-13,0.019482183788990057
2025-02-14,0.012630657680093174
2025-02-18,-0.000531627437608607
2025-02-19,0.0016347540167181058
2025-02-20,0.003912790097394392
2025-02-21,-0.0011396081644735152
2025-02-24,0.006292464916161131
2025-02-25,-0.0002428155766170653
2025-02-26,-0.027412498442933024
2025-02-27,-0.012812628391607893
2025-02-28,0.01895114882838302
2025-03-03,-0.015879649346846304
2025-03-04,-0.008861550228096498
2025-03-05,-0.0008056225157174363
2025-03-06,-0.0017406837006826556
2025-03-07,0.015767587676556262
2025-03-10,-0.04969407536537053
2025-03-11,-0.02962387616166318
2025-03-12,-0.017633319990613402
2025-03-13,-0.03422260753479495
2025-03-14,0.018007522852252683
2025-03-17,0.0023860442152827004
2025-03-18,-0.006140313816847984
2025-03-19,0.011917946504138393
2025-03-20,-0.005310463195201758
2025-03-21,0.01928958046898615
2025-03-24,0.011207462561574549
2025-03-25,0.01358908980631859
2025-03-26,-0.009971390117563473
2025-03-27,0.010418138542919838
2025-03-28,-0.026939966888542916
2025-03-31,0.01922660914193222
2025-04-01,0.004760696995733947
2025-04-02,0.0031314275761356735
2025-04-03,-0.09701328389030289
2025-04-04,-0.07568031453071174
2025-04-07,-0.03742599630886612
2025-04-08,-0.05110200938214615
2025-04-09,0.14261753799154478
2025-04-10,-0.04331863405620976
2025-04-11,0.03979211101040739
2025-04-14,0.021814324625151652
2025-04-15,-0.001878136709860532
2025-04-16,-0.03971147016854836
2025-04-17,0.013853093573358932
2025-04-21,-0.01958320694582564
2025-04-22,0.03349763125532333
2025-04-23,0.024040339909284596
2025-04-24,0.018258409417234913
2025-04-25,0.0043577006560267615
2025-04-28,0.004101000253042508
2025-04-29,0.005078927436444548
2025-04-30,0.006089082548314729
2025-05-01,0.003851464551987565
2025-05-02,-0.03807764715659128
2025-05-05,-0.03196390482377563
2025-05-06,-0.0019124478912930995
2025-05-07,-0.011450129026667304
2025-05-08,0.006298631440689827
2025-05-09,0.005252178908081454
2025-05-12,0.06123268492033866
2025-05-13,0.010101107307854204
2025-05-14,-0.0028217892757707217
2025-05-15,-0.004153192133130091
2025-05-16,-0.0008989154910134155
2025-05-19,-0.011808387448070242
2025-05-20,-0.009238984585002073
2025-05-21,-0.02332913693734451
2025-05-22,-0.0036186223745579105
2025-05-23,-0.030711201244835125
2025-05-27,0.024983558334119495
2025-05-28,0.001048335485023672
2025-05-29,-0.00234781376342676
2025-05-30,0.004491076894813233
2025-06-02,0.00422304787156913
2025-06-03,0.0077537796867919355
2025-06-04,-0.0022162836174873693
2025-06-05,-0.010856416731508965
2025-06-06,0.016265235233562988
2025-06-09,-0.01218652830788699
2025-06-10,0.0060379061098326
2025-06-11,-0.01938038025184682
2025-06-12,0.002110555431279122
2025-06-13,-0.01390141261259011
2025-06-16,0.009978070009205035
2025-06-17,-0.014109749642865382
2025-06-18,0.004793205712486797
2025-06-20,0.022235476071869577
2025-06-23,0.0024845102061506297
2025-06-24,-0.0059731051616175096
2025-06-25,0.00627085632161283
2025-06-26,-0.002782261366145821
2025-06-27,0.000397918393728168
2025-06-30,0.02013606131101909
2025-07-01,0.012833407333733232
2025-07-02,0.02198742870711822
2025-07-03,0.005211293237099073
2025-07-07,-0.017001640350597334
2025-07-08,0.0002857690985449934
2025-07-09,0.005366268772479442
2025-07-10,0.005997105367425927
2025-07-11,-0.005902280095614651
2025-07-14,-0.012101748765203788
2025-07-15,0.0023460325817583763
2025-07-16,0.005008651362872237
2025-07-17,-0.0006663238799223456
2025-07-18,0.005508059898247254
2025-07-21,0.006136933433292541
2025-07-22,0.008995641893247627
2025-07-23,-0.0011667781863024622
2025-07-24,-0.001822810721298693
2025-07-25,0.0005612739072953638
2025-07-28,0.0007945156573705577
2025-07-29,-0.013072757705372804
2025-07-30,-0.010563478124557005
2025-07-31,-0.007104677756159931
2025-08-01,-0.025321602230960055
2025-08-04,0.00478153497173791
2025-08-05,-0.0021168857193060897
2025-08-06,0.049653393530185774
2025-08-07,0.03129869520106027
2025-08-08,0.04148539226384542
2025-08-11,-0.008372376345528211
2025-08-12,0.010813739262220462
2025-08-13,0.015897409188223566
2025-08-14,-0.0023599515483424664
2025-08-15,-0.005125179855144962
2025-08-18,-0.0030272408078767946
2025-08-19,-0.0014302167695570704
2025-08-20,-0.01993198153129969
2025-08-21,-0.004923405133202545
2025-08-22,0.012636639150230075
2025-08-25,-0.00263778288690945
2025-08-26,0.009420124567184027
2025-08-27,0.005132723136336729
2025-08-28,0.008940725237363131
2025-08-29,-0.0018075874774794432
2025-09-02,-0.010479481927209851
2025-09-03,0.03738232415098372
2025-09-04,0.005478322675703245
2025-09-05,-0.0003753762063927571
2025-09-08,-0.007580043466470937
2025-09-09,-0.014950591264106123
2025-09-10,-0.0327913485579626
2025-09-11,0.014185282152052413
2025-09-12,0.017410513088878223
2025-09-15,0.011173272269641253
2025-09-16,0.006107203194049533
2025-09-17,0.0035210509004652986
2025-09-18,-0.004655381783017964
2025-09-19,0.03153050760714429
2025-09-22,0.04219296246145317
2025-09-23,-0.006464066249566687
2025-09-24,-0.008367296999735473
2025-09-25,0.017911684479911448
2025-09-26,-0.005504333945722916
2025-09-29,-0.004040053534453041
2025-09-30,0.0007857485936756352
2025-10-01,0.0032151298202565005
2025-10-02,0.006555105475919997
2025-10-03,0.0034552785601604428
2025-10-06,-0.005167911774969734
2025-10-07,-0.0008183388012963765
2025-10-08,0.006141262664732185
2025-10-09,-0.015700412963745435
2025-10-10,-0.03513201331059678
2025-10-13,0.009697183027240885
2025-10-14,0.00044408201230031126
2025-10-15,0.006316514957929752
2025-10-16,-0.007608847967879364
2025-10-17,0.01937065335040572
2025-10-20,0.03868074365918946
2025-10-21,0.0020191213000104453
2025-10-22,-0.01657682531661047
2025-10-23,0.004362761632552592
2025-10-24,0.012404351927066352
2025-10-27,0.022535356074125084
2025-10-28,0.0007065288197559364
2025-10-29,0.0025989767572192316
2025-10-30,0.006283466664280875
2025-10-31,-0.003802376160255665
2025-11-03,-0.004894071892846057
2025-11-04,0.0036728825801045834
2025-11-05,0.00037018397954444794
2025-11-06,-0.0013706039944364156
2025-11-07,-0.0048305427121975416
2025-11-10,0.004538267036518442
2025-11-11,0.021371261548658933
2025-11-12,-0.006487751089554257
2025-11-13,-0.001903436960562969
2025-11-14,-0.0019802422957864835
2025-11-17,-0.018338397301833606
2025-11-18,-7.47637995860424e-05
2025-11-19,0.004179213098975278
2025-11-20,-0.008638668653641398
2025-11-21,0.01948948732721377
2025-11-24,0.016185880529873065
2025-11-25,0.0037980518798046425
2025-11-26,0.002091988799439141
2025-11-28,0.00467286127681409
2025-12-01,0.0151262172065036
2025-12-02,0.010855696011275954
2025-12-03,-0.007153684504557431
2025-12-04,-0.012215789741831256
2025-12-05,-0.00686355564689062
2025-12-08,-0.003197540392983899
2025-12-09,-0.0025582223487182498
2025-12-10,0.005755762741702212
2025-12-11,-0.0026938721785778564
2025-12-12,0.0008986907156853279
2025-12-15,-0.015098298686657966
2025-12-16,0.0018224664254049999
2025-12-17,-0.010138247658845124
2025-12-18,0.001286746577224654
2025-12-19,0.005422681951884745
2025-12-22,-0.009914939859583293
2025-12-23,0.005116600880012278
2025-12-24,0.005309660095674185
2025-12-26,-0.0014984030103084444
2025-12-29,0.0013159300206065142
2025-12-30,-0.0024872503984942067
2025-12-31,-0.004477472540670465
2026-01-02,-0.003131377948914837
2026-01-05,-0.01393373781601678
2026-01-06,-0.018504424048275635
2026-01-07,-0.007767586346101093
2026-01-08,-0.004967528026699398
2026-01-09,0.0012730781005779077
2026-01-12,0.0033870509285561217
2026-01-13,0.003069277518178039
2026-01-14,-0.004184200562639289
2026-01-15,-0.006754488045120549
2026-01-16,-0.0104334609449757
2026-01-20,-0.03516675157780259
2026-01-21,0.0038434513252299496
2026-01-22,0.002822574664753265
2026-01-23,-0.0012490498169329728
2026-01-26,0.029280156810427234
2026-01-27,0.01113537016267108
2026-01-28,-0.007110802091642614
2026-01-29,0.00714951195007178
2026-01-30,0.004635516244257892
2026-02-02,0.03977922983061694
2026-02-03,-0.0019647246882501424
2026-02-04,0.025680287047938025
2026-02-05,-0.0020997961220096443
2026-02-06,0.00797784107081465
2026-02-09,-0.011729000497211482
2026-02-10,-0.003428831498793266
2026-02-11,0.006628103245317512
2026-02-12,-0.05127407257936166
2026-02-13,-0.022995839415095466
2026-02-17,0.03117681438621338
2026-02-18,0.0017795532383034164
2026-02-19,-0.014364224365880748
2026-02-20,0.015233823534795543
2026-02-23,0.00602904668779855
2026-02-24,0.022144036649487702
2026-02-25,0.007650520846136862
2026-02-26,-0.0046786052410885525
2026-02-27,-0.032657957379533524
2026-03-02,0.002041924719824955
2026-03-03,-0.0036708976244395467
2026-03-04,-0.004674468498819032
2026-03-05,-0.008530831338801404
2026-03-06,-0.01093213459894777
2026-03-09,0.009355669414157603
2026-03-10,0.003648874557014285
2026-03-11,-7.670972662595488e-05
2026-03-12,-0.0195526595655038
2026-03-13,-0.02229865363447962
2026-03-16,0.010737011185857437
2026-03-17,0.005561553592463054
2026-03-18,-0.017018440434935896
2026-03-19,-0.003928637969992818
2026-03-20,-0.0039038546496206693
2026-03-23,0.014014812591042392
2026-03-24,0.0005962460475602484
2026-03-25,0.0038868788463975487
2026-03-26,0.0010682625170895263
2026-03-27,-0.016305280196262602
2026-03-30,-0.008760109701824332
2026-03-31,0.02861786495948073
2026-04-01,0.007223978636376895
2026-04-02,0.0011338123573076417
2026-04-06,0.01142239161475063
2026-04-07,-0.020923456036972127
2026-04-08,0.02107802518992581
2026-04-09,0.006122567123347408
2026-04-10,-3.8345556912621514e-05
2026-04-13,-0.0049260673756055485
2026-04-14,-0.0014286068821369137
2026-04-15,0.028940120889102108
2026-04-16,-0.011437796552710188
2026-04-17,0.025599724502604514
2026-04-20,0.010381401662850636
2026-04-21,-0.02551957602598669
2026-04-22,0.025959122658055597
2026-04-23,0.0009512419139857489
2026-04-24,-0.00870548556450589
2026-04-27,-0.012809554739298108
2026-04-28,0.011517520751980868
